,r,p-val
LH_Vis_1,-0.08341648177889058,0.7502629511965184
LH_Vis_2,-0.00581467159817402,0.9823296089486437
LH_Vis_3,-0.0609600947907564,0.8162154425048197
LH_Vis_4,0.18731425466957066,0.4715865917612345
LH_Vis_5,0.1635304753110991,0.530567311671935
LH_Vis_6,0.3540499294291246,0.16324292249802996
LH_Vis_7,0.1730674429839236,0.5065216816487358
LH_Vis_8,0.08008334089715075,0.7599607914070323
LH_Vis_9,0.18118639310449966,0.48646508197511906
LH_Vis_10,0.03226523020669033,0.9021617816158445
LH_Vis_11,0.034754757262703904,0.8946508033531425
LH_Vis_12,0.274265118542974,0.2867454754426852
LH_Vis_13,0.23255754401516038,0.36906408635178756
LH_Vis_14,0.04188482672184476,0.8731879959227133
LH_Vis_15,0.4037445144744393,0.10801576786716816
LH_Vis_16,-0.049607958033194,0.8500343881736423
LH_Vis_17,-0.19564644051228994,0.4517231092726206
LH_Vis_18,0.24989893911840064,0.33337207725330853
LH_Vis_19,0.13780225271134056,0.59789973978147
LH_Vis_20,0.1251560416650259,0.6322125717280507
LH_Vis_21,0.5309702753675108,0.028301351665408696
LH_Vis_22,-0.24507847907471655,0.3430863952011156
LH_Vis_23,-0.1064006271793277,0.6844175728187181
LH_Vis_24,0.7001474991455974,0.0017509014381734392
LH_Vis_25,0.07300524764528206,0.7806655322143707
LH_Vis_26,0.025223120482933518,0.9234485957246121
LH_Vis_27,0.4465875692226618,0.07232671106942809
LH_Vis_28,0.37459785670408313,0.1384917390601775
LH_Vis_29,0.5958352493200023,0.01160326327577317
LH_Vis_30,0.33450554277149924,0.1894055724181379
LH_Vis_31,-0.143695554982055,0.5821736400680524
LH_Vis_32,-0.03959654087860246,0.8800677429709769
LH_Vis_33,0.5490819845169913,0.022442742719530333
LH_Vis_34,0.47379778009131107,0.054701493982647495
LH_Vis_35,-0.06943221657613104,0.7911714057053869
LH_Vis_36,0.509213568092657,0.0368224769935027
LH_Vis_37,-0.006097208930013107,0.9814711323439178
LH_Vis_38,0.39822837288726515,0.11338060362409447
LH_Vis_39,0.44401008243126466,0.07418906132727782
LH_Vis_40,0.3611013682157254,0.15443551764871774
LH_Vis_41,0.3035317214070351,0.23626742116714225
LH_Vis_42,0.5711545472052685,0.016628607530850215
LH_Vis_43,0.09320266870196972,0.7219982413379189
LH_Vis_44,0.4409274935230415,0.07646214029267952
LH_Vis_45,0.6218366801887565,0.00769672823339059
LH_Vis_46,0.3922977543651762,0.11935521680439015
LH_Vis_47,-0.030348774153934617,0.9079491698519281
LH_Vis_48,0.6046418846444886,0.010135630150768748
LH_Vis_49,0.3868469162179077,0.12503816807408163
LH_Vis_50,0.485758971380243,0.04806207179950992
LH_Vis_51,-0.011416107474205189,0.9653144802702551
LH_Vis_52,0.42987521949974217,0.08503046438257264
LH_Vis_53,0.2829518087737547,0.2711315643509853
LH_Vis_54,0.25771802650471404,0.3179573819525669
LH_Vis_55,0.36124530232817126,0.1542591806013828
LH_Vis_56,0.27357076972274724,0.28801650896501696
LH_Vis_57,0.11060003818227213,0.6726005492128644
LH_Vis_58,0.4480375721332313,0.07129419878666328
LH_Vis_59,0.29888451538759153,0.2438787459128932
LH_Vis_60,0.02467270577515298,0.9251146349351752
LH_Vis_61,0.45622715658676694,0.0656645293086157
LH_Vis_62,0.3614452108176805,0.15401449535289224
LH_Vis_63,0.24050324011149551,0.3524545762763118
LH_Vis_64,0.17746542975311327,0.4956090709699804
LH_Vis_65,0.569120811505335,0.017108661136281695
LH_Vis_66,-0.001896465203804883,0.9942363940964338
LH_Vis_67,0.2504693446751321,0.3322332117077318
LH_Vis_68,0.20166368604649865,0.4376469281691855
LH_Vis_69,0.2708613433282743,0.29300870512986593
LH_Vis_70,-0.007583195368693924,0.9769563686155585
LH_Vis_71,0.07333443029133921,0.7796994019217296
LH_Vis_72,0.17704428920188173,0.49664914111769
LH_Vis_73,0.46935581345442967,0.05733365318618135
LH_Vis_74,0.5687090000169471,0.017207177202824168
LH_Vis_75,0.24865151014386694,0.33587053033256153
LH_Vis_76,0.146656866073309,0.5743374822886529
LH_Vis_77,0.2504546847192341,0.3322624533949027
LH_Vis_78,-0.09202454133713145,0.7253837767915647
LH_Vis_79,0.3151490700940123,0.21790526785448727
LH_Vis_80,0.24874879894209484,0.33567528523249013
LH_Vis_81,0.12370870420098375,0.6361869747977774
LH_SomMot_1,0.5476346470529492,0.022872923392903616
LH_SomMot_2,0.4945162959439839,0.04359936063669365
LH_SomMot_3,0.24603937254762082,0.3411371773583708
LH_SomMot_4,0.36288988283519585,0.15225408530672524
LH_SomMot_5,0.33486671077587843,0.18889846579400568
LH_SomMot_6,0.5529002366666059,0.02133801897278332
LH_SomMot_7,0.5250249968895246,0.03046106962125919
LH_SomMot_8,0.3914154915648118,0.12026252346250063
LH_SomMot_9,0.607848416816207,0.009639547147682557
LH_SomMot_10,0.285040186127488,0.2674572526217719
LH_SomMot_11,0.5562800228625648,0.020395913732751268
LH_SomMot_12,0.3480806619323977,0.17095873649814158
LH_SomMot_13,0.47116831709264134,0.05624848601681136
LH_SomMot_14,0.3958041492711575,0.1157967492042274
LH_SomMot_15,0.5628343558719209,0.018661587730116464
LH_SomMot_16,0.6377507286769049,0.0058816509908123865
LH_SomMot_17,0.34661866451245843,0.17288513188848784
LH_SomMot_18,0.25550837133401244,0.32227042726466515
LH_SomMot_19,0.4820553334312802,0.050049383371780415
LH_SomMot_20,0.4420536446806066,0.07562591144972734
LH_SomMot_21,0.3546789748094453,0.1624437616575999
LH_SomMot_22,0.14697405420999582,0.5735008067810521
LH_SomMot_23,0.6717724881447448,0.0031431823786971084
LH_SomMot_24,0.42130314346961295,0.092138990407
LH_SomMot_25,0.49115650059697585,0.045272824662419484
LH_SomMot_26,0.22141731025647676,0.3930694370778227
LH_SomMot_27,-0.3095929468089361,0.22656882860220526
LH_SomMot_28,0.36916434395923964,0.14476753501576714
LH_SomMot_29,-0.1032407403218281,0.6933554454129676
LH_SomMot_30,0.11931338287832054,0.6483138429475985
LH_SomMot_31,0.12872107639459593,0.6224636437818802
LH_SomMot_32,0.04943337128569002,0.8505565834351446
LH_SomMot_33,0.2603008441891653,0.3129591432728162
LH_SomMot_34,0.26191610478439525,0.30985700897109625
LH_SomMot_35,0.17567958058016953,0.500026641045543
LH_SomMot_36,0.24628326090482167,0.34064345101329274
LH_SomMot_37,0.19304763014867746,0.45787256926188546
LH_SomMot_38,0.4334695741411071,0.08217119553481962
LH_SomMot_39,0.25271098520415475,0.3277794291497431
LH_SomMot_40,0.4319609314069484,0.08336267521902381
LH_SomMot_41,0.14835075734107836,0.5698753691438477
LH_SomMot_42,0.2508398417423545,0.33149468899397583
LH_SomMot_43,0.30347574702997215,0.23635819151923929
LH_SomMot_44,0.5209801817851336,0.03200126711382215
LH_SomMot_45,-0.45499572029139457,0.06648936892625908
LH_SomMot_46,0.2656983734058983,0.3026645897909699
LH_SomMot_47,0.24496253215080147,0.3433220291202371
LH_SomMot_48,0.1544906134155195,0.5538271707485947
LH_SomMot_49,0.16665704408701384,0.5226275050470879
LH_SomMot_50,0.5064921471888134,0.03801236388371898
LH_SomMot_51,0.15421074153020764,0.554554355027097
LH_SomMot_52,0.27562716171815876,0.2842620718341048
LH_SomMot_53,0.10939658907543008,0.6759797630825909
LH_SomMot_54,-0.031381634683062494,0.9048295357861709
LH_SomMot_55,0.21251871702681652,0.4128367003044632
LH_SomMot_56,0.18290693883753772,0.4822647943967483
LH_SomMot_57,0.4369679727075081,0.07945590078664308
LH_SomMot_58,0.3166670418910138,0.2155759607049957
LH_SomMot_59,0.22036712432492478,0.39537515142497826
LH_SomMot_60,-0.028321702070317176,0.914075363143167
LH_SomMot_61,0.25391709975752413,0.3253975071641416
LH_SomMot_62,-0.028521610559825487,0.9134709933267287
LH_SomMot_63,0.01940445071496942,0.9410749573143485
LH_SomMot_64,0.2825426627318941,0.27185502964667296
LH_SomMot_65,-0.13603506166408472,0.602648858078586
LH_SomMot_66,0.20470229508702964,0.43062569758592883
LH_SomMot_67,0.25967979514842526,0.3141567345387525
LH_SomMot_68,-0.09396631913189209,0.7198063697137498
LH_SomMot_69,0.14492965672395433,0.5789025517212518
LH_SomMot_70,0.13426920334009187,0.6074095235972433
LH_SomMot_71,0.08212507293666503,0.7540162214075308
LH_SomMot_72,0.27392394138754594,0.2873695894145947
LH_SomMot_73,0.1720145916058446,0.5091507631390649
LH_SomMot_74,0.3847731988200722,0.1272489459672535
LH_SomMot_75,-0.3271808957159034,0.1998841067311261
LH_SomMot_76,0.11747822294463174,0.6534021777461589
LH_SomMot_77,0.13519011511509518,0.604924914317673
LH_SomMot_78,-0.3109816444493893,0.22438314909656393
LH_SomMot_79,0.07118741311401733,0.786006192537552
LH_SomMot_80,0.21047698498730183,0.41744527860214586
LH_SomMot_81,0.19210272935493403,0.4601188290042103
LH_SomMot_82,0.06109469984035936,0.8158161593359642
LH_SomMot_83,0.30389955302773086,0.2356714795636968
LH_SomMot_84,0.25317877106960535,0.326854411865805
LH_SomMot_85,0.05754699051321324,0.8263538806355022
LH_SomMot_86,0.41915879173881665,0.09398205918434777
LH_SomMot_87,0.14028778159756425,0.5912461028655265
LH_SomMot_88,0.15142801535624809,0.5618072971206463
LH_SomMot_89,0.016424481498027804,0.9501126252592629
LH_SomMot_90,0.29941360652315735,0.24300450031154758
LH_SomMot_91,0.13003913970208966,0.6188741319044243
LH_DorsAttn_Post_1,0.4723211227154739,0.05556629515415285
LH_DorsAttn_Post_2,0.17213187125302337,0.5088575868803529
LH_DorsAttn_Post_3,0.2303718778631994,0.37370810296440404
LH_DorsAttn_Post_4,0.30352639051398084,0.23627606501126838
LH_DorsAttn_Post_5,0.5598757102271936,0.019429575430300203
LH_DorsAttn_Post_6,0.2052020663108018,0.4294765285770389
LH_DorsAttn_Post_7,0.48185542494177225,0.05015837646379945
LH_DorsAttn_Post_8,0.38460261024235837,0.1274320131589677
LH_DorsAttn_Post_9,0.2058497698168096,0.4279895838164144
LH_DorsAttn_Post_10,0.0858047218668871,0.7433359107191628
LH_DorsAttn_Post_11,0.42568913572943134,0.08845041451355239
LH_DorsAttn_Post_12,-0.05812139423973381,0.8246457854641096
LH_DorsAttn_Post_13,0.6890339198521818,0.0022184017460629194
LH_DorsAttn_Post_14,0.5283901231295869,0.029223637798974432
LH_DorsAttn_Post_15,0.4650817699487354,0.05995417437053179
LH_DorsAttn_Post_16,0.5064188474093263,0.038044812226532
LH_DorsAttn_Post_17,0.257482134487094,0.31841619852585373
LH_DorsAttn_Post_18,0.29879255748241756,0.24403089441528616
LH_DorsAttn_Post_19,-0.26057271973489715,0.3124357244434949
LH_DorsAttn_Post_20,-0.0870828034764785,0.7396364577440655
LH_DorsAttn_Post_21,0.15651102188282023,0.548590045797368
LH_DorsAttn_Post_22,-0.09729013095078859,0.7102903960949345
LH_DorsAttn_Post_23,-0.21510553288105844,0.40703676296456326
LH_DorsAttn_Post_24,-0.15731598673390784,0.5465096103738438
LH_DorsAttn_Post_25,0.09586811522875047,0.7143567237787455
LH_DorsAttn_Post_26,0.2908615213419792,0.25737783260810293
LH_DorsAttn_Post_27,0.2683265036813046,0.29772599900333563
LH_DorsAttn_Post_28,-0.5360985944850386,0.026534938376592637
LH_DorsAttn_Post_29,0.27317894908331025,0.28873525188661625
LH_DorsAttn_Post_30,0.06819278394117803,0.7948237916931976
LH_DorsAttn_Post_31,0.6340737451932097,0.00626673771301017
LH_DorsAttn_Post_32,0.23627850736654693,0.3612323576147972
LH_DorsAttn_Post_33,0.42886634798935513,0.08584579163342936
LH_DorsAttn_Post_34,0.11548713438912576,0.6589392275993123
LH_DorsAttn_Post_35,-0.027354144981095223,0.9170011366199035
LH_DorsAttn_Post_36,0.506450832767648,0.03803065035955646
LH_DorsAttn_Post_37,0.40658588047198824,0.10532369378614584
LH_DorsAttn_Post_38,0.4919188183036352,0.04488894611510255
LH_DorsAttn_Post_39,0.34302164442456684,0.1776864238912349
LH_DorsAttn_Post_40,0.4762246691539461,0.05330206332407971
LH_DorsAttn_Post_41,0.3342936397726205,0.18970351769977287
LH_DorsAttn_Post_42,0.24095903146757502,0.3515148635309556
LH_DorsAttn_Post_43,0.4331670459603166,0.08240912627175936
LH_DorsAttn_Post_44,-0.062551366367245,0.8114979633696586
LH_DorsAttn_Post_45,-0.20940414276027314,0.4198777246229983
LH_DorsAttn_Post_46,-0.017931791508921824,0.9455404622923594
LH_DorsAttn_Post_47,0.32077049681899417,0.20935991066406606
LH_DorsAttn_Post_48,0.15940303136437847,0.5411320078916699
LH_DorsAttn_Post_49,0.22123206172286564,0.3934756246032143
LH_DorsAttn_Post_50,-0.0812574700921974,0.7565407007968664
LH_DorsAttn_FEF_1,0.06614172283881993,0.8008767295506978
LH_DorsAttn_FEF_2,-0.07627708325690652,0.7710765923273143
LH_DorsAttn_FEF_3,-0.10475071577925016,0.689079562836876
LH_DorsAttn_FEF_4,-0.22512761182175597,0.38498205585402656
LH_DorsAttn_FEF_5,-0.26548780313028175,0.30306237659401575
LH_DorsAttn_FEF_6,-0.2985673272509039,0.2444038001147456
LH_DorsAttn_FEF_7,-0.10459745260396036,0.6895131637464513
LH_DorsAttn_PrCv_1,0.23834422842480327,0.3569251590792073
LH_DorsAttn_PrCv_2,0.454180093654199,0.0670398790799663
LH_DorsAttn_PrCv_3,0.26600756520300456,0.30208106170256366
LH_DorsAttn_PrCv_4,0.5631848620901926,0.018572202314555218
LH_SalVentAttn_ParOper_1,0.2998427434139692,0.2422968654214127
LH_SalVentAttn_ParOper_2,0.12796808775078009,0.6245178965502021
LH_SalVentAttn_ParOper_3,0.27575643587470844,0.28402704682626834
LH_SalVentAttn_ParOper_4,0.17446147151743047,0.5030505145743942
LH_SalVentAttn_ParOper_5,0.2704788517516804,0.2937176199368585
LH_SalVentAttn_ParOper_6,0.2518287224037907,0.32952818430376485
LH_SalVentAttn_ParOper_7,0.10878486909753383,0.677699685933207
LH_SalVentAttn_ParOper_8,0.22527954227378316,0.3846528475959121
LH_SalVentAttn_ParOper_9,-0.054076579135342855,0.8366892028803117
LH_SalVentAttn_TempOcc_1,0.25292821909608815,0.32734967366712553
LH_SalVentAttn_TempOcc_2,0.4102601985091565,0.10191355125268267
LH_SalVentAttn_FrOperIns_1,0.24649782935022738,0.3402094189803615
LH_SalVentAttn_FrOperIns_2,0.4467221742722644,0.072230403415245
LH_SalVentAttn_FrOperIns_3,0.34488612427005005,0.17518675378172813
LH_SalVentAttn_FrOperIns_4,0.49072736370616415,0.04549001031252043
LH_SalVentAttn_FrOperIns_5,0.36205426534905,0.1532706494223728
LH_SalVentAttn_FrOperIns_6,0.49149501230587717,0.04510205673824242
LH_SalVentAttn_FrOperIns_7,0.3150277922770435,0.21809206302337217
LH_SalVentAttn_FrOperIns_8,0.5234830360737815,0.031041352391221643
LH_SalVentAttn_FrOperIns_9,0.5244772476282709,0.030666240299537614
LH_SalVentAttn_FrOperIns_10,0.2600063123479562,0.31352676353010006
LH_SalVentAttn_FrOperIns_11,0.5116897679160368,0.03576466195828867
LH_SalVentAttn_FrOperIns_12,0.47235310807379555,0.05554745568104458
LH_SalVentAttn_FrOperIns_13,0.31392163196842887,0.21980055549810454
LH_SalVentAttn_FrOperIns_14,0.5267042282013977,0.02983864658187996
LH_SalVentAttn_FrOperIns_15,0.43290183403090216,0.08261811957123506
LH_SalVentAttn_FrOperIns_16,0.12460829240377236,0.6337155846068301
LH_SalVentAttn_FrOperIns_17,0.28112731062617297,0.27436682136993285
LH_SalVentAttn_FrOperIns_18,0.31769590425035127,0.21400635329774292
LH_SalVentAttn_FrOperIns_19,-0.005850655126285249,0.9822202736265964
LH_SalVentAttn_FrOperIns_20,0.12719111008822354,0.6266403386141477
LH_SalVentAttn_FrOperIns_21,-0.2918224148148841,0.2557371110009076
LH_SalVentAttn_FrOperIns_22,-0.0009728879822750759,0.9970432491441215
LH_SalVentAttn_FrOperIns_23,-0.16646379921382212,0.5231166522633512
LH_SalVentAttn_PFCl_1,0.09230574594570706,0.7245752511915968
LH_SalVentAttn_PFCl_2,-0.11810860104821547,0.6516526904343769
LH_SalVentAttn_Med_1,0.27902160787001556,0.27812994135116226
LH_SalVentAttn_Med_2,0.4272484219475986,0.08716511213182829
LH_SalVentAttn_Med_3,0.22205835014616693,0.3916656106347617
LH_SalVentAttn_Med_4,0.5590454236341009,0.01964947099251519
LH_SalVentAttn_Med_5,0.15424006144200253,0.5544781542030834
LH_SalVentAttn_Med_6,0.2520459562957232,0.32909709815462795
LH_SalVentAttn_Med_7,0.4149873679244037,0.0976429346950701
LH_SalVentAttn_Med_8,0.5163023231306325,0.033856198020683924
LH_SalVentAttn_Med_9,0.4795578100356856,0.05142388617927208
LH_SalVentAttn_Med_10,0.307317988198328,0.230178690875818
LH_SalVentAttn_Med_11,0.5074423788756105,0.03759361821237594
LH_SalVentAttn_Med_12,-0.09384504131492355,0.720154330661817
LH_SalVentAttn_Med_13,0.005596104982977997,0.9829937261163371
LH_SalVentAttn_Med_14,0.2868406952563287,0.26431415774181505
LH_SalVentAttn_Med_15,-0.29665220392141145,0.24758907047737325
LH_SalVentAttn_Med_16,-0.08151335295876869,0.7557959105760392
LH_SalVentAttn_Med_17,0.20529402421597612,0.4292652555207076
LH_SalVentAttn_Med_18,-0.3953696814872921,0.11623356694584508
LH_SalVentAttn_Med_19,0.13640822417783421,0.6016447609888502
LH_Limbic_OFC_1,0.08528362707090156,0.7448457682445331
LH_Limbic_OFC_2,0.2470802294163288,0.3390329333313613
LH_Limbic_OFC_3,0.005048355721724283,0.9846581140156176
LH_Limbic_OFC_4,-0.03217860319456982,0.9024232828230161
LH_Limbic_OFC_5,0.2055965523967656,0.4285705797849244
LH_Limbic_OFC_6,0.20346952606839352,0.4334671352796343
LH_Limbic_OFC_7,0.2900352329186767,0.2587939347224401
LH_Limbic_OFC_8,0.07095152109639663,0.786699892571822
LH_Limbic_OFC_9,0.38409350995574254,0.12797944462423338
LH_Limbic_OFC_10,0.10219855072985674,0.6963117933697214
LH_Limbic_OFC_11,0.40988303782561697,0.10225992283215034
LH_Limbic_OFC_12,0.40592085156355645,0.1059494630599219
LH_Limbic_OFC_13,0.20456102642111082,0.43095081882882746
LH_Limbic_OFC_14,0.28979134456147615,0.25921283554718877
LH_Limbic_TempPole_1,0.07194306720435972,0.7837850278916668
LH_Limbic_TempPole_2,0.5400421226214117,0.025235535337276484
LH_Limbic_TempPole_3,0.24849824696857684,0.33617824101173654
LH_Limbic_TempPole_4,0.05817337044700678,0.8244912612334712
LH_Limbic_TempPole_5,0.41113046680015125,0.10111751760858263
LH_Limbic_TempPole_6,0.16839624794573851,0.5182346770365647
LH_Limbic_TempPole_7,0.39265359147650164,0.11899064133692296
LH_Limbic_TempPole_8,0.34425974433625656,0.17602389255300044
LH_Limbic_TempPole_9,0.2962657141750285,0.2482350282500277
LH_Limbic_TempPole_10,0.35369675776432624,0.16369276520005263
LH_Limbic_TempPole_11,0.6336885881700903,0.006308220455908767
LH_Limbic_TempPole_12,0.017898473427337334,0.9456415100323984
LH_Limbic_TempPole_13,0.18680515438295547,0.472814056363269
LH_Limbic_TempPole_14,0.33251045604620383,0.1922230057049676
LH_Limbic_TempPole_15,0.4828523019427881,0.04961662922799808
LH_Cont_Par_1,0.3948392576284622,0.11676842938611905
LH_Cont_Par_2,0.46203116639883396,0.06187820458818516
LH_Cont_Par_3,0.2836754775057763,0.26985484555798767
LH_Cont_Par_4,0.4961928618093295,0.0427819805493432
LH_Cont_Par_5,0.31025397754757794,0.22552673880058627
LH_Cont_Par_6,0.28749106420886367,0.26318446049292693
LH_Cont_Par_7,0.2652785655779299,0.30345795394606806
LH_Cont_Par_8,0.42693656470396524,0.0874210866792171
LH_Cont_Par_9,0.30300529571799567,0.23712196744720743
LH_Cont_Par_10,0.32874551282712483,0.19761463289636533
LH_Cont_Par_11,0.30046379245470917,0.241275073703292
LH_Cont_Par_12,0.4836026251400769,0.04921177539419897
LH_Cont_Par_13,0.4146315308130783,0.09795987190950393
LH_Cont_Par_14,0.20027232295951897,0.44088148252282555
LH_Cont_Par_15,0.22801828858005116,0.37874493320373315
LH_Cont_Temp_1,-0.01809038557726632,0.9450594858371881
LH_Cont_Temp_2,0.17796520097688442,0.4943761637439441
LH_Cont_Temp_3,0.14340901948042556,0.5829342306287586
LH_Cont_Temp_4,-0.01795578052766371,0.9454677084055632
LH_Cont_PFCd_1,-0.24200388650607313,0.3493660407941055
LH_Cont_PFCl_1,0.18067729281788447,0.4877113107505955
LH_Cont_PFCl_2,-0.12867842925016765,0.6225799206903335
LH_Cont_PFCl_3,0.31569015573894854,0.21707312902469203
LH_Cont_PFCl_4,0.15982950280866293,0.5400360590179416
LH_Cont_PFCl_5,0.1584941140987458,0.543471064083888
LH_Cont_PFCl_6,0.10005686444558785,0.70240000333029
LH_Cont_PFCl_7,0.003001292789155899,0.9908787854387495
LH_Cont_PFCl_8,0.2228553186576753,0.38992411998554344
LH_Cont_PFCl_9,0.17851828113119197,0.49301346158894366
LH_Cont_PFCl_10,-0.03082855452875518,0.9064998886255121
LH_Cont_PFCl_11,0.04856576844122245,0.8531524820704073
LH_Cont_PFCl_12,0.13089741348371337,0.616541139869095
LH_Cont_PFCl_13,0.2454982869026842,0.3422340125175418
LH_Cont_PFCl_14,0.3328223132898369,0.19178079676140708
LH_Cont_PFCl_15,0.26495737927145313,0.304065775415552
LH_Cont_PFCl_16,0.13842863264513477,0.5962200822302427
LH_Cont_PFCl_17,0.04679457922417572,0.8584563427237442
LH_Cont_PFCl_18,0.1965300360359184,0.4496418719798301
LH_Cont_PFCl_19,0.09016139421491158,0.7307476328804463
LH_Cont_PFCl_20,0.17292617431800406,0.5068740725836303
LH_Cont_OFC_1,0.11135036137956132,0.6704966758049851
LH_Cont_PFCv_1,0.4051412084544729,0.10668643577816518
LH_Cont_PFCv_2,0.389032582369869,0.12273720845501548
LH_Cont_pCun_1,0.26839313984447377,0.2976014119493818
LH_Cont_pCun_2,0.20149309746878463,0.438042842547394
LH_Cont_pCun_3,0.32356255205579815,0.20519757637524544
LH_Cont_pCun_4,-0.04001501598330774,0.878808974331813
LH_Cont_Cing_1,0.1291275569899306,0.6213558032871815
LH_Cont_Cing_2,-0.03645264670026331,0.8895330322513633
LH_Cont_Cing_3,-0.20718649124999006,0.4249293538522093
LH_Cont_Cing_4,0.34733433690489934,0.17194032183774605
LH_Cont_Cing_5,-0.0569619250005842,0.8280944377761108
LH_Cont_Cing_6,0.18932933224381768,0.4667436346702879
LH_Cont_Cing_7,-0.07681017256226316,0.7695171662183494
LH_Cont_Cing_8,-0.020541263658641486,0.9376289581916002
LH_Cont_PFCmp_1,0.14530948285402137,0.5778973505778352
LH_Cont_PFCmp_2,0.0769767629701866,0.7690300165032122
LH_Default_Par_1,0.1405170099988675,0.5906340093734813
LH_Default_Par_2,0.4075507721146829,0.10442043835333772
LH_Default_Par_3,0.25782730981231233,0.31774495445309164
LH_Default_Par_4,0.058146715981738505,0.8245705036676992
LH_Default_Par_5,0.17111100523326603,0.5114122074667236
LH_Default_Par_6,0.10208660197573201,0.6966296019142186
LH_Default_Par_7,0.24552760681447866,0.34217452639110124
LH_Default_Par_8,0.5894395103789903,0.012771025748821104
LH_Default_Par_9,0.05283981194691678,0.8403786524243428
LH_Default_Par_10,0.07231089882505595,0.78270439587612
LH_Default_Par_11,0.25674380579917594,0.31985477693202247
LH_Default_Par_12,0.6429843329322413,0.005366627978299524
LH_Default_Par_13,0.39486058120067674,0.11674689405786706
LH_Default_Par_14,0.30489376458222023,0.23406548041101244
LH_Default_Par_15,0.18324545054643882,0.4814404869951868
LH_Default_Par_16,0.3652048231437053,0.14946188840303154
LH_Default_Par_17,0.23487514977019708,0.3641750464921293
LH_Default_Par_18,0.37065033039791995,0.14303217507071314
LH_Default_Par_19,0.19502405874828668,0.45319200227453815
LH_Default_Temp_1,0.2190197411056368,0.3983440637842144
LH_Default_Temp_2,0.4094365755323815,0.10267102142797203
LH_Default_Temp_3,0.17332332585049454,0.5058836826053337
LH_Default_Temp_4,0.29968681479215237,0.24255383710878428
LH_Default_Temp_5,0.4916775953929617,0.04501015156896078
LH_Default_Temp_6,0.24159740591074003,0.3502011090646092
LH_Default_Temp_7,0.4469753916923088,0.07204948532418062
LH_Default_Temp_8,-0.050746103700130024,0.8466316069710376
LH_Default_Temp_9,0.2645069188084266,0.30491945782748053
LH_Default_Temp_10,0.43337628351266955,0.08224451301487029
LH_Default_Temp_11,0.2555936656228687,0.32210330926976904
LH_Default_Temp_12,0.026441229545672656,0.9197626049173558
LH_Default_Temp_13,0.23603728445587335,0.36173722271150277
LH_Default_Temp_14,0.20680266695013375,0.4258068896120899
LH_Default_Temp_15,0.03480406802344938,0.8945021147093749
LH_Default_Temp_16,0.18888153722731846,0.46781770546945467
LH_Default_Temp_17,0.23937042533761424,0.35479627864532204
LH_Default_Temp_18,0.09577082643052308,0.7146351933089614
LH_Default_Temp_19,0.3828580754905795,0.12931469869283715
LH_Default_Temp_20,0.39928122426534357,0.11234241546730159
LH_Default_Temp_21,0.40245577107874075,0.10925272799211826
LH_Default_Temp_22,0.3983816360625546,0.11322905582528008
LH_Default_PFC_1,0.5015557402212142,0.040245089419854364
LH_Default_PFC_2,0.4459718510749756,0.07276844695592628
LH_Default_PFC_3,0.2423384000451851,0.3486796709287753
LH_Default_PFC_4,-0.01705219415508449,0.9482083813979774
LH_Default_PFC_5,0.23044784308921304,0.3735461540464593
LH_Default_PFC_6,0.30156062370048015,0.23947713913304222
LH_Default_PFC_7,0.33018352122832334,0.19554375381989275
LH_Default_PFC_8,0.044002523987372776,0.866828760339423
LH_Default_PFC_9,0.1110824840036196,0.6712475275171007
LH_Default_PFC_10,0.3059732704255665,0.23232958483185062
LH_Default_PFC_11,0.002874684079133806,0.9912635472817832
LH_Default_PFC_12,-0.07390083767828036,0.7780377461057164
LH_Default_PFC_13,0.008678693891200469,0.9736284119564552
LH_Default_PFC_14,0.23440469845822,0.365164526970982
LH_Default_PFC_15,0.17841832688643772,0.49325959950505815
LH_Default_PFC_16,-0.056286234306045325,0.8301055439751482
LH_Default_PFC_17,0.23231898655101346,0.3695693941151621
LH_Default_PFC_18,0.21477501751173764,0.4077753794634895
LH_Default_PFC_19,-0.1230450080158145,0.6380126421412293
LH_Default_PFC_20,0.11393584451053941,0.6632648911532357
LH_Default_PFC_21,0.3755947337050997,0.1373610454138819
LH_Default_PFC_22,0.016015335456166707,0.9513539583497461
LH_Default_PFC_23,-0.035270521165636615,0.8930957654676405
LH_Default_PFC_24,-0.1716654181108366,0.5100240978555723
LH_Default_PFC_25,0.07565869966269345,0.7728865652942123
LH_Default_PFC_26,-0.05546527677579634,0.8325503596031579
LH_Default_PFC_27,0.14209095617293244,0.5864382818502138
LH_Default_PFC_28,0.12023696009985083,0.6457585850495422
LH_Default_PFC_29,-0.008709346526258639,0.9735352996216678
LH_Default_PFC_30,-0.2740039047833492,0.28722323909898806
LH_Default_PFC_31,0.012947406503841264,0.9606651189139296
LH_Default_PFC_32,0.30200841871697925,0.238745549088544
LH_Default_PFC_33,-0.036628566171031225,0.8890030089446351
LH_Default_PFC_34,0.20642417354333062,0.4266731642363476
LH_Default_PFC_35,0.39651982166359817,0.11507972654019456
LH_Default_PFC_36,0.3402535782065038,0.1814411799289124
LH_Default_PFC_37,0.3936104867796164,0.11801412469526246
LH_Default_PFC_38,-0.015190379756127878,0.9538571605465478
LH_Default_PFC_39,0.19071536443774384,0.4634269145566582
LH_Default_PFC_40,0.08707080896710809,0.7396711513411647
LH_Default_PFC_41,-0.10444152398214364,0.6899543993107338
LH_Default_PFC_42,0.13434916673589548,0.6071936215846839
LH_Default_PFC_43,0.5568957410102513,0.020227834883794465
LH_Default_PFC_44,0.3233359891010216,0.20553330742848155
LH_Default_PFC_45,-0.3392806902242283,0.18277328265326684
LH_Default_PFC_46,-0.15946566935775716,0.540970978064401
LH_Default_PFC_47,-0.11625211754231211,0.6568098728452789
LH_Default_PFC_48,-0.1245829706617678,0.6337850997663128
LH_Default_PFC_49,-0.19754290571609479,0.44726214556947885
LH_Default_PFC_50,0.05691128151657571,0.8282451367290821
LH_Default_pCunPCC_1,0.09889206431338451,0.705718425028155
LH_Default_pCunPCC_2,0.540130082356796,0.02520712498075
LH_Default_pCunPCC_3,-0.09243368737899274,0.7242074822210505
LH_Default_pCunPCC_4,0.370031946803707,0.14375258870043764
LH_Default_pCunPCC_5,0.17345526545357062,0.5055548624661612
LH_Default_pCunPCC_6,0.019504404959723984,0.9407719274588173
LH_Default_pCunPCC_7,0.23140740383885372,0.3715038357889112
LH_Default_pCunPCC_8,0.2044197577551911,0.43127606757076375
LH_Default_pCunPCC_9,0.3501050685694879,0.16831512996009107
LH_Default_pCunPCC_10,0.31721345842900434,0.2147414390396752
LH_Default_pCunPCC_11,0.16046787725182718,0.538397422678561
LH_Default_pCunPCC_12,0.4538002675241323,0.06729738678263764
LH_Default_pCunPCC_13,0.061000076488658295,0.8160968390761584
LH_Default_pCunPCC_14,0.16319196360219812,0.5314302270130474
LH_Default_pCunPCC_15,0.17311142285161554,0.5064119985981803
LH_Default_pCunPCC_16,0.18019484699653743,0.48889371449916696
LH_Default_pCunPCC_17,-0.08356974495418093,0.7498178662885986
LH_Default_pCunPCC_18,0.27976926562077803,0.2767902111489715
LH_Default_pCunPCC_19,0.11052940384931272,0.672798723402639
LH_Default_pCunPCC_20,0.22537949651853711,0.3844363473489444
LH_Default_pCunPCC_21,0.12097528878776877,0.6437185426115598
LH_Default_pCunPCC_22,0.0245314371092337,0.9255422859457134
LH_Default_pCunPCC_23,0.008773317242901185,0.9733409792696556
LH_Default_pCunPCC_24,0.33169616213227143,0.19338082512196522
LH_Default_pCunPCC_25,-0.10991901659467973,0.6745120946393148
LH_Default_pCunPCC_26,0.00890259139945027,0.9729482945634771
LH_Default_pCunPCC_27,0.14773903736318264,0.5714850754897238
LH_Default_pCunPCC_28,0.2365290593400647,0.36070838666205296
LH_Default_pCunPCC_29,-0.059188905573710204,0.8214733248071262
LH_Default_pCunPCC_30,0.20230206048966284,0.4361669802997098
LH_Default_pCunPCC_31,0.07720332592496273,0.7683676240158749
LH_Default_pCunPCC_32,-0.1821432884076144,0.48412687486931016
LH_Default_PHC_1,0.17813578955459883,0.4939556680867513
LH_Default_PHC_2,0.06698666938780976,0.7983818687381297
LH_Default_PHC_3,0.0021576789634294965,0.9934425463475636
RH_Vis_1,0.15900321438536089,0.5421603629760097
RH_Vis_2,0.27971595669024235,0.2768856049266057
RH_Vis_3,0.18819385202340877,0.46946955662985224
RH_Vis_4,-0.07989542691701185,0.7605085535078588
RH_Vis_5,0.18063597839671994,0.4878125121576572
RH_Vis_6,0.07046907527504946,0.7881191182410437
RH_Vis_7,0.2814604914420205,0.2737742599821686
RH_Vis_8,0.038095894484025096,0.884583884617502
RH_Vis_9,0.2725005929422445,0.28998216325589443
RH_Vis_10,-0.20360013294820567,0.43316563739326297
RH_Vis_11,-0.016725676955553617,0.9491988791838595
RH_Vis_12,-0.24213715883241305,0.3490924946453504
RH_Vis_13,-0.12009702415719453,0.6461455055144636
RH_Vis_14,-0.04858975745996333,0.853080686791944
RH_Vis_15,0.06836337251889223,0.7943208567375503
RH_Vis_16,0.10912338080643487,0.6767477337253716
RH_Vis_17,0.11541250188637608,0.6591471025326732
RH_Vis_18,-0.1776959908776795,0.4950401071270758
RH_Vis_19,-0.09210050656314497,0.7251653328438794
RH_Vis_20,-0.1771282507674751,0.4964417022058979
RH_Vis_21,0.47171206818410477,0.055925939769904384
RH_Vis_22,-0.25328272348414943,0.3266490589299108
RH_Vis_23,0.422012152245736,0.09153535495343908
RH_Vis_24,-0.19556381166995954,0.4519179839270333
RH_Vis_25,0.18033078476940315,0.48856041107618353
RH_Vis_26,0.11093854989117317,0.6716510917503561
RH_Vis_27,0.21351825947435957,0.4105904322406232
RH_Vis_28,0.11559241952693351,0.6586460156033823
RH_Vis_29,0.3015166438327885,0.23954906798788334
RH_Vis_30,0.11299760733311216,0.6658860001840482
RH_Vis_31,0.250937130540582,0.331300918092995
RH_Vis_32,0.3551147753165737,0.1618916580838277
RH_Vis_33,-0.13969471974535588,0.5928309275511582
RH_Vis_34,0.3781042516100641,0.13454291724647904
RH_Vis_35,0.15182250144221157,0.5607766087639683
RH_Vis_36,-0.1860561639089296,0.4746227669133395
RH_Vis_37,0.23994083089434518,0.3536160652147583
RH_Vis_38,0.10503991672740566,0.6882616260663931
RH_Vis_39,0.32015877684109767,0.21027910621895002
RH_Vis_40,0.33749084288149445,0.18524090731970672
RH_Vis_41,0.6264492354033521,0.007129903417759555
RH_Vis_42,0.25488465684674494,0.3234940170841295
RH_Vis_43,0.33316082499873845,0.19130155107965105
RH_Vis_44,-0.16052518435215338,0.5382504311054785
RH_Vis_45,0.19926611689565857,0.4432282705864423
RH_Vis_46,0.11365330717870017,0.6640538155240066
RH_Vis_47,0.4449749740739598,0.07348782303521516
RH_Vis_48,0.5673176369299672,0.017543322307180056
RH_Vis_49,0.18181010759176747,0.4849403936573131
RH_Vis_50,0.23088364359634114,0.3726178308885806
RH_Vis_51,0.21614239157997642,0.40472429651346853
RH_Vis_52,0.259833058323715,0.3138609410674779
RH_Vis_53,0.29695739754872835,0.24707973193715516
RH_Vis_54,0.28546665757177303,0.2667107036741639
RH_Vis_55,-0.0158460796017161,0.951867505075803
RH_Vis_56,0.38625252164243506,0.12566908767724763
RH_Vis_57,0.30425539013905656,0.23509587808675206
RH_Vis_58,0.11218864431223366,0.6681489028017721
RH_Vis_59,0.10072189335401949,0.7005076619748525
RH_Vis_60,-0.10060861187663143,0.7008298873796656
RH_Vis_61,-0.09472197322223432,0.7176394792230144
RH_Vis_62,-0.21541739012469135,0.40634049854280885
RH_Vis_63,-0.09808443401576883,0.7080222500779433
RH_Vis_64,0.3247033631692604,0.20351249745598685
RH_Vis_65,-0.06706396733708653,0.7981537239550488
RH_Vis_66,0.4239739208894477,0.08987997762879815
RH_Vis_67,0.10484400640768736,0.6888156766347797
RH_Vis_68,-0.05966602050200371,0.8200562635598209
RH_Vis_69,0.1187109919632684,0.6499824796218139
RH_Vis_70,0.21018245314609288,0.41811232603448667
RH_Vis_71,-0.1246069596805093,0.6337192432272297
RH_Vis_72,0.1394441677718383,0.5935009951730567
RH_Vis_73,-0.30478581399788535,0.23423952134913584
RH_Vis_74,0.24948979307653957,0.33419036161646576
RH_Vis_75,0.41475813952310037,0.09784701980002164
RH_Vis_76,0.1943683589026979,0.45474213824693344
RH_Vis_77,0.13294847458607145,0.6109799338342192
RH_Vis_78,0.2400474487554163,0.35339571144896365
RH_Vis_79,0.22058835638664784,0.39488882223016963
RH_Vis_80,-0.023818430163319085,0.9277010051453398
RH_Vis_81,0.04556580837532973,0.8621393004244645
RH_SomMot_1,0.577819496245486,0.015129075125949331
RH_SomMot_2,0.25334669420079287,0.3265227252163089
RH_SomMot_3,0.5608286073605175,0.019179581610586752
RH_SomMot_4,0.00019457759645501266,0.9994086486646073
RH_SomMot_5,0.22691612644122733,0.3811164297335562
RH_SomMot_6,0.42228536051473176,0.09130351212831832
RH_SomMot_7,0.27443837256721454,0.2864288566502971
RH_SomMot_8,0.2841899086854452,0.268949520093889
RH_SomMot_9,0.38708547368205487,0.1247855742334182
RH_SomMot_10,0.23762988875562585,0.358411325503426
RH_SomMot_11,0.5903950729588412,0.012590884795939703
RH_SomMot_12,0.18449287952097287,0.4784088227644878
RH_SomMot_13,-0.18312950362252378,0.4817227511304014
RH_SomMot_14,0.2127359509187494,0.4123479575532141
RH_SomMot_15,0.2675162079371631,0.2992434744491742
RH_SomMot_16,0.27854182749519507,0.27899173979691555
RH_SomMot_17,0.4936953384137349,0.044003881368054304
RH_SomMot_18,0.20726778736905724,0.42474360845316195
RH_SomMot_19,0.3181930100275964,0.2132506329118318
RH_SomMot_20,0.31268353205673965,0.22172300497930517
RH_SomMot_21,0.2653865161622648,0.30325382790798294
RH_SomMot_22,0.5336170637686048,0.027378718912907437
RH_SomMot_23,0.43726783544177006,0.07922623873062472
RH_SomMot_24,0.15222231842122916,0.5597328300068198
RH_SomMot_25,0.39321866614017903,0.11841329682425444
RH_SomMot_26,0.34982253123764956,0.16868242618190094
RH_SomMot_27,0.44413935658781317,0.07409482809612841
RH_SomMot_28,0.19530393063359816,0.45253117359508643
RH_SomMot_29,0.03231853913722557,0.9020008625220552
RH_SomMot_30,0.3023349359165102,0.23821298939904403
RH_SomMot_31,0.41899086860762935,0.09412749755735703
RH_SomMot_32,0.21050363945257036,0.4173849400566444
RH_SomMot_33,0.15647903652449865,0.5486727844056901
RH_SomMot_34,0.24187994324257836,0.34962054807158216
RH_SomMot_35,0.28888509274237034,0.2607730901847774
RH_SomMot_36,0.23446067283528252,0.3650467196652467
RH_SomMot_37,0.19059408662077545,0.4637166569488027
RH_SomMot_38,-0.09457803910978825,0.718052063930804
RH_SomMot_39,0.34587767037801276,0.17386702658662787
RH_SomMot_40,-0.04050679086749857,0.8773300716926491
RH_SomMot_41,0.005613430385401821,0.9829410822915308
RH_SomMot_42,0.24198256293385925,0.349409819486592
RH_SomMot_43,0.06469171992825061,0.8051623630859428
RH_SomMot_44,0.5673176369299672,0.017543322307180056
RH_SomMot_45,0.24796915583301105,0.33724175980058724
RH_SomMot_46,0.4943577018756404,0.04367728684708307
RH_SomMot_47,0.3040021727190121,0.23550539058945505
RH_SomMot_48,0.463819681018304,0.06074471828694646
RH_SomMot_49,0.2683371654674116,0.2977060629773513
RH_SomMot_50,0.14393544516946538,0.5815371861595902
RH_SomMot_51,0.7215483693091256,0.0010769892751206342
RH_SomMot_52,0.14590920832254675,0.5763116910157873
RH_SomMot_53,0.13244470519251048,0.6123439977429566
RH_SomMot_54,0.44737254322479914,0.07176639887260187
RH_SomMot_55,0.3308752046020225,0.19455275270373026
RH_SomMot_56,0.22582729153503664,0.3834672462373393
RH_SomMot_57,0.2065321241276658,0.4264259991860775
RH_SomMot_58,0.25298419347315027,0.3272389922397707
RH_SomMot_59,0.15846745963347802,0.54353972607957
RH_SomMot_60,-0.05322896713982678,0.8392174056194279
RH_SomMot_61,0.14204697630524044,0.5865553523048228
RH_SomMot_62,0.0663043150769535,0.8003965037335242
RH_SomMot_63,0.3536820978084289,0.1637114559780317
RH_SomMot_64,0.367748991853518,0.14643378440355162
RH_SomMot_65,0.1303536623922498,0.6180187835434465
RH_SomMot_66,0.22562071942921136,0.3839141351884854
RH_SomMot_67,-0.10586753787397175,0.685922701682568
RH_SomMot_68,0.13869917546760355,0.5954952092935828
RH_SomMot_69,-0.10594217037672073,0.6857119162727823
RH_SomMot_70,0.3375614772144548,0.1851431092572664
RH_SomMot_71,-0.04403317662243071,0.8667367692642517
RH_SomMot_72,-0.10949521059692123,0.675702618547159
RH_SomMot_73,0.4606131488465865,0.06278795781487652
RH_SomMot_74,0.12238797544696342,0.6398219190201206
RH_SomMot_75,0.1497687748933261,0.5661514098546353
RH_SomMot_76,0.1324860196136747,0.612232084665589
RH_SomMot_77,-0.06527811816414271,0.8034285637224164
RH_SomMot_78,-0.24886741131253573,0.3354373352477352
RH_SomMot_79,0.13640156056151723,0.6016626853633262
RH_SomMot_80,-0.015646171112207327,0.9524740793817645
RH_SomMot_81,-0.19952599793201978,0.4426215348393736
RH_SomMot_82,-0.3882249520722538,0.1235839640677796
RH_SomMot_83,-0.21222285246234407,0.41350284418241745
RH_SomMot_84,0.14895981187244822,0.5682746046909273
RH_SomMot_85,-0.06614305556208361,0.8008727929991755
RH_SomMot_86,0.18155689017172208,0.4855591112589096
RH_SomMot_87,-0.005356214795567253,0.983722647343322
RH_SomMot_88,-0.1197238616434452,0.64717771256024
RH_SomMot_89,0.08544888475556187,0.7443668433416066
RH_SomMot_90,0.0894990307530064,0.7326573860380082
RH_SomMot_91,-0.01240098996585114,0.9623240297814768
RH_SomMot_92,-0.4031687780246548,0.10856713795169619
RH_SomMot_93,0.3699533161311665,0.14384437119692955
RH_SomMot_94,0.317208127535951,0.21474957062616584
RH_SomMot_95,0.21290120860340922,0.41197635914878206
RH_SomMot_96,-0.428843691693877,0.08586416615846966
RH_SomMot_97,0.10463476885533501,0.68940758293133
RH_SomMot_98,0.19252386990616507,0.45911699354439306
RH_SomMot_99,0.22902449464391128,0.3765870268747987
RH_SomMot_100,0.195077367678822,0.45306609253884145
RH_SomMot_101,0.2711585406160105,0.2924585866716969
RH_SomMot_102,0.005925287629035379,0.9819935050258249
RH_SomMot_103,0.03870228356886791,0.8827585661713154
RH_DorsAttn_Post_1,0.0006863524806461528,0.997914070877617
RH_DorsAttn_Post_2,0.2778861276496067,0.28017215841450244
RH_DorsAttn_Post_3,0.29280063369021264,0.25407350858408195
RH_DorsAttn_Post_4,0.3064090709326956,0.23163112216021295
RH_DorsAttn_Post_5,0.07367027655371396,0.7787140284493785
RH_DorsAttn_Post_6,0.17178136503475122,0.50973401955698
RH_DorsAttn_Post_7,0.15931773707552116,0.5413513170369155
RH_DorsAttn_Post_8,0.10507590025551777,0.6881598779587019
RH_DorsAttn_Post_9,0.001763192877466101,0.9946414204719727
RH_DorsAttn_Post_10,-0.02026405721985615,0.9384691544508992
RH_DorsAttn_Post_11,-0.01056583003216135,0.9678965753968565
RH_DorsAttn_Post_12,0.022445725202027155,0.9318583745880695
RH_DorsAttn_Post_13,-0.03464947212489569,0.8949682847956745
RH_DorsAttn_Post_14,-0.034593497747833823,0.895137078538636
RH_DorsAttn_Post_15,0.07101948998283024,0.7864999973205309
RH_DorsAttn_Post_16,0.061779719597741645,0.8137848295419492
RH_DorsAttn_Post_17,0.012599565732096136,0.9617211400506821
RH_DorsAttn_Post_18,0.09933053026703983,0.704468678608694
RH_DorsAttn_Post_19,0.012611560241466965,0.9616847245174405
RH_DorsAttn_Post_20,-0.2196354592533228,0.3969858607708855
RH_DorsAttn_Post_21,-0.25230583733208406,0.32858181189762303
RH_DorsAttn_Post_22,-0.163590447857952,0.5304144994526259
RH_DorsAttn_Post_23,0.1341425946300699,0.6077514312103559
RH_DorsAttn_Post_24,-0.14180175522477606,0.5872082866102437
RH_DorsAttn_Post_25,0.12536128104758798,0.6316497490677908
RH_DorsAttn_Post_26,0.07659960228664689,0.7701330400846433
RH_DorsAttn_Post_27,0.3583359674441896,0.15785013092463993
RH_DorsAttn_Post_28,0.09690630665093214,0.7113872387880474
RH_DorsAttn_Post_29,0.36021244179904427,0.15552760076298902
RH_DorsAttn_Post_30,-0.0531943163349787,0.8393207916236145
RH_DorsAttn_Post_31,0.10205994751046413,0.6967052776502403
RH_DorsAttn_Post_32,0.23958765922954633,0.3543465424977821
RH_DorsAttn_Post_33,0.30494440806622886,0.23398385986197337
RH_DorsAttn_Post_34,0.1943856843051222,0.45470114498642455
RH_DorsAttn_Post_35,-0.14917038214806372,0.567721616126862
RH_DorsAttn_Post_36,-0.02657183642548457,0.9193674796821747
RH_DorsAttn_Post_37,-0.012880770340671588,0.9608674170763987
RH_DorsAttn_Post_38,0.1812450329280892,0.4863216364230577
RH_DorsAttn_Post_39,-0.44151655720545985,0.07602389092045654
RH_DorsAttn_Post_40,0.13374277765105266,0.6088316439176414
RH_DorsAttn_Post_41,-0.13200224106906436,0.613543058392978
RH_DorsAttn_Post_42,0.13753704078192602,0.5986114936117048
RH_DorsAttn_Post_43,0.0346481394016328,0.8949723036448246
RH_DorsAttn_Post_44,-0.2038186995634016,0.43266133311678256
RH_DorsAttn_Post_45,-0.10502658949477202,0.6882993118337275
RH_DorsAttn_Post_46,0.17191730280761744,0.5093940263069048
RH_DorsAttn_Post_47,-0.2010732896408176,0.4390179483673393
RH_DorsAttn_Post_48,0.1742202486067571,0.5036503589607351
RH_DorsAttn_Post_49,-0.03798794389969021,0.88490888923599
RH_DorsAttn_Post_50,0.11536585657215732,0.659277036347435
RH_DorsAttn_Post_51,0.28474032339322486,0.2679829393772725
RH_DorsAttn_Post_52,0.02452877166270659,0.9255503550183566
RH_DorsAttn_FEF_1,0.045488510426053015,0.862371073810072
RH_DorsAttn_FEF_2,0.0390048117496574,0.8818481207588926
RH_DorsAttn_FEF_3,-0.24700559691357937,0.3391835650195879
RH_DorsAttn_FEF_4,-0.0520081926305609,0.8428612616540919
RH_DorsAttn_FEF_5,-0.31159069898075825,0.22342882733429162
RH_DorsAttn_FEF_6,-0.6872107544278625,0.002304029644613758
RH_DorsAttn_PrCv_1,0.08464258718121083,0.7467043684797589
RH_DorsAttn_PrCv_2,-0.23888931223952942,0.35579346836635306
RH_DorsAttn_PrCv_3,-0.24129487772994995,0.35082335431797396
RH_SalVentAttn_TempOccPar_1,0.5008027515773978,0.040594223801341325
RH_SalVentAttn_TempOccPar_2,-0.2100665062221776,0.4183750735198344
RH_SalVentAttn_TempOccPar_3,-0.10749745842509807,0.6813243051810431
RH_SalVentAttn_TempOccPar_4,0.06795422647703145,0.7955272429118252
RH_SalVentAttn_TempOccPar_5,0.5094574564498573,0.03671724407467541
RH_SalVentAttn_TempOccPar_6,0.40910739288632403,0.10297488263921019
RH_SalVentAttn_TempOccPar_7,0.41219264724107346,0.10015196203091997
RH_SalVentAttn_TempOccPar_8,0.3775191860974364,0.13519632369784662
RH_SalVentAttn_TempOccPar_9,0.43312573153915207,0.08244165776665116
RH_SalVentAttn_TempOccPar_10,0.33120438724808077,0.19408228119839252
RH_SalVentAttn_TempOccPar_11,0.06426524848396566,0.8064238479384613
RH_SalVentAttn_TempOccPar_12,0.39695162400093686,0.11464862472646224
RH_SalVentAttn_TempOccPar_13,0.4545625852307926,0.06678129851875292
RH_SalVentAttn_TempOccPar_14,-0.052555941891814555,0.8412259227998478
RH_SalVentAttn_TempOccPar_15,0.2583057574638696,0.3168159176713697
RH_SalVentAttn_TempOccPar_16,0.12310231511614123,0.6378549264026429
RH_SalVentAttn_TempOccPar_17,0.3421273871148312,0.17889373015274887
RH_SalVentAttn_TempOccPar_18,-0.09625460497513358,0.7132508118299379
RH_SalVentAttn_PrC_1,-0.4377982593005995,0.07882117581999638
RH_SalVentAttn_PrC_2,0.06826341827413804,0.794615535907579
RH_SalVentAttn_FrOperIns_1,0.626987655601761,0.007065982529466679
RH_SalVentAttn_FrOperIns_2,0.417205019434686,0.09568422844725948
RH_SalVentAttn_FrOperIns_3,0.5254421392709667,0.030305529075776168
RH_SalVentAttn_FrOperIns_4,0.43952680137321803,0.07751162178510326
RH_SalVentAttn_FrOperIns_5,0.29112939871792065,0.25691977714022435
RH_SalVentAttn_FrOperIns_6,0.4794045468603961,0.05150914490831086
RH_SalVentAttn_FrOperIns_7,0.37684482812616027,0.13595217187576428
RH_SalVentAttn_FrOperIns_8,0.4001581561726542,0.11148283310595931
RH_SalVentAttn_FrOperIns_9,0.24210917164388174,0.34914992922767574
RH_SalVentAttn_FrOperIns_10,0.35694460435720937,0.1595873442939401
RH_SalVentAttn_FrOperIns_11,0.5389946021363871,0.025575785485625963
RH_SalVentAttn_FrOperIns_12,0.3082708853316527,0.2286622218280669
RH_SalVentAttn_FrOperIns_13,0.10703500345270185,0.6826279320699882
RH_SalVentAttn_FrOperIns_14,0.41166888699856063,0.10062725074302657
RH_SalVentAttn_FrOperIns_15,-0.05803609995087725,0.8248993768815357
RH_SalVentAttn_FrOperIns_16,0.5810673428383695,0.014438039222420884
RH_SalVentAttn_FrOperIns_17,0.1766031578016994,0.4977396982398613
RH_SalVentAttn_FrOperIns_18,0.4372145265112349,0.07926703218733336
RH_SalVentAttn_FrOperIns_19,0.24471864379360025,0.34381797503237954
RH_SalVentAttn_FrOperIns_20,0.1634358519593991,0.5308084561049801
RH_SalVentAttn_FrOperIns_21,0.1493716233608358,0.5671933428335234
RH_SalVentAttn_FrOperIns_22,0.4629667381297347,0.06128334138140889
RH_SalVentAttn_FrOperIns_23,0.18054535321480894,0.4880345378901536
RH_SalVentAttn_FrOperIns_24,-0.1752331182869337,0.5011339493680249
RH_SalVentAttn_PFCl_1,0.05298108061283648,0.8399570678144961
RH_SalVentAttn_PFCl_2,-0.4500713078331654,0.06986429606089206
RH_SalVentAttn_Med_1,-0.19873169486703893,0.4444773050473665
RH_SalVentAttn_Med_2,-0.09182996374067638,0.725943391173977
RH_SalVentAttn_Med_3,0.19987517142702857,0.44180700135442985
RH_SalVentAttn_Med_4,0.29687210325987096,0.24722201360346177
RH_SalVentAttn_Med_5,0.09552427262679547,0.7153410561529212
RH_SalVentAttn_Med_6,0.15606455958958423,0.5497454376829373
RH_SalVentAttn_Med_7,0.3358555914373143,0.18751459431218614
RH_SalVentAttn_Med_8,-0.22360697457822756,0.3882855161142106
RH_SalVentAttn_Med_9,0.04426507047026052,0.8660408892575482
RH_SalVentAttn_Med_10,-0.15805964631487976,0.5445907365907996
RH_SalVentAttn_Med_11,0.1303416678828795,0.6180513942627838
RH_SalVentAttn_Med_12,-0.1089594558450382,0.6772086607730028
RH_SalVentAttn_Med_13,0.02496723761636289,0.9242230854025809
RH_SalVentAttn_Med_14,0.11432499970344918,0.6621788071503465
RH_SalVentAttn_Med_15,-0.05514142502279232,0.8335151922933363
RH_SalVentAttn_Med_16,0.11691048283442698,0.6549792885947925
RH_SalVentAttn_Med_17,0.5320671066132817,0.027916149592580507
RH_SalVentAttn_Med_18,-0.20580978811890746,0.4280812927064742
RH_SalVentAttn_Med_19,-0.21965545010227464,0.39694180526429756
RH_SalVentAttn_Med_20,-0.24083908637387055,0.3517620184011754
RH_Limbic_OFC_1,0.1526514553120406,0.5586134478285047
RH_Limbic_OFC_2,0.3247646684393762,0.20342220036872302
RH_Limbic_OFC_3,0.2636686358757538,0.30651190300271053
RH_Limbic_OFC_4,0.07391683035744158,0.7779908419282646
RH_Limbic_OFC_5,-0.15436533742876182,0.554152620563211
RH_Limbic_OFC_6,0.08542489573682072,0.7444363592077352
RH_Limbic_OFC_7,0.32348525410652146,0.20531207976565025
RH_Limbic_OFC_8,0.35137248839297286,0.1666741097658335
RH_Limbic_OFC_9,0.36374282572376604,0.15122119293142944
RH_Limbic_OFC_10,0.16329191784695274,0.5311753628696829
RH_Limbic_OFC_11,0.1907526806891191,0.4633377812358407
RH_Limbic_OFC_12,0.3533729060113226,0.1641059969970585
RH_Limbic_OFC_13,0.20274052644331908,0.4351519808730637
RH_Limbic_OFC_14,0.0620942422879024,0.8128525316898026
RH_Limbic_TempPole_1,0.14523884852106136,0.5780842270163622
RH_Limbic_TempPole_2,0.1622563918712975,0.5338184445040117
RH_Limbic_TempPole_3,0.33354598202185776,0.1907572280246536
RH_Limbic_TempPole_4,0.10360190832620762,0.6923319036144556
RH_Limbic_TempPole_5,0.22043775865788437,0.39521984242304165
RH_Limbic_TempPole_6,0.03917806577389804,0.881326783219294
RH_Limbic_TempPole_7,0.22116675828295895,0.3936188672760407
RH_Limbic_TempPole_8,0.13134254305368595,0.6153325349970136
RH_Limbic_TempPole_9,0.0841987903345014,0.747991866072909
RH_Limbic_TempPole_10,0.3708115899127903,0.1428447170820067
RH_Limbic_TempPole_11,0.18519922285056933,0.4766963301332543
RH_Limbic_TempPole_12,0.049204142884386286,0.8512423030081463
RH_Limbic_TempPole_13,0.009450340660704323,0.9712845111423094
RH_Limbic_TempPole_14,0.2495630928560264,0.33404367822317726
RH_Limbic_TempPole_15,0.2724592785210794,0.290058209527284
RH_Limbic_TempPole_16,0.04582435668842763,0.8613641357827768
RH_Limbic_TempPole_17,0.5577540147918754,0.019995348343314817
RH_Cont_Par_1,0.10069257344222551,0.7005910568623047
RH_Cont_Par_2,0.15940569681090505,0.541125155121627
RH_Cont_Par_3,0.47342728302408804,0.05491752452624972
RH_Cont_Par_4,0.16801642181567272,0.5191925682145313
RH_Cont_Par_5,0.08853413911031176,0.7354420538470542
RH_Cont_Par_6,0.1018307191091611,0.6973562005547973
RH_Cont_Par_7,0.1719492881659389,0.5093140433593404
RH_Cont_Par_8,0.2252768768272564,0.38465862184995603
RH_Cont_Par_9,0.03285695933563586,0.9003757829143707
RH_Cont_Par_10,0.12819731615208352,0.6238922533678034
RH_Cont_Par_11,0.04636810777989152,0.859734283781159
RH_Cont_Par_12,0.058709125198889205,0.8228988291287879
RH_Cont_Par_13,-0.17536639061327255,0.5008032877707542
RH_Cont_Par_14,0.0036543271882171734,0.9888942563027725
RH_Cont_Par_15,0.014326775081451215,0.9564780738230025
RH_Cont_Par_16,-0.12873173818070321,0.6224345758730461
RH_Cont_Par_17,0.021807350758863295,0.933792327023418
RH_Cont_Temp_1,0.06020310797715023,0.8184617098610459
RH_Cont_Temp_2,0.26736694293166324,0.2995235125920917
RH_Cont_Temp_3,-0.17261564979763408,0.5076490732145921
RH_Cont_Temp_4,0.3704117729337726,0.14330979877536876
RH_Cont_PFCv_1,0.23938775074003807,0.3547603982780735
RH_Cont_PFCv_2,0.17992163872754185,0.48956392081708244
RH_Cont_PFCl_1,-0.1594163585970121,0.5410977444298404
RH_Cont_PFCl_2,0.04130509210227014,0.8749301785253385
RH_Cont_PFCl_3,0.2058231153515412,0.4280507219380947
RH_Cont_PFCl_4,0.3539646351402678,0.1633514872343935
RH_Cont_PFCl_5,0.4193053912977901,0.09385522110068413
RH_Cont_PFCl_6,0.21858127515198145,0.39931279523614616
RH_Cont_PFCl_7,0.30838283408577744,0.22848448245506978
RH_Cont_PFCl_8,0.3597006760659023,0.15615870079056374
RH_Cont_PFCl_9,0.3821490667144555,0.1300853521755746
RH_Cont_PFCl_10,0.3399297264534997,0.18188388740252673
RH_Cont_PFCl_11,0.18654927151638462,0.4734315962463831
RH_Cont_PFCl_12,0.3566913869371657,0.15990489054644408
RH_Cont_PFCl_13,0.1556407535918259,0.5508431906470297
RH_Cont_PFCl_14,0.13571387535760782,0.603513639640179
RH_Cont_PFCl_15,0.2738852924129071,0.2874403415536261
RH_Cont_PFCl_16,0.26096853854412405,0.3116746123329941
RH_Cont_PFCl_17,-0.4065312388181894,0.10537501047092046
RH_Cont_PFCl_18,0.01307668066039068,0.9602726669608428
RH_Cont_PFCl_19,-0.259610493538729,0.31429053852559097
RH_Cont_PFCl_20,0.0036343363392667915,0.9889550063372661
RH_Cont_PFCl_21,0.44223356232116445,0.07549293413471209
RH_Cont_PFCl_22,0.3115747063015982,0.22345385281692567
RH_Cont_PFCl_23,-0.10865692766424848,0.6780595990816544
RH_Cont_PFCl_24,0.21887580699319092,0.39866192690271096
RH_Cont_PFCl_25,0.40901543498114945,0.10305988120866362
RH_Cont_PFCl_26,0.11981981771840891,0.6469122297194718
RH_Cont_PFCl_27,0.4700794821864507,0.05689853226479276
RH_Cont_PFCl_28,0.45517697065521573,0.06636748718443167
RH_Cont_PFCl_29,0.016295207341478525,0.9505048264008731
RH_Cont_PFCl_30,0.23316926399305646,0.3677701133397433
RH_Cont_PFCl_31,0.1771149235348412,0.4964746262534322
RH_Cont_PFCl_32,-0.2082220172256446,0.42256656382867197
RH_Cont_PFCl_33,-0.15482912512442096,0.5529481834705763
RH_Cont_PFCl_34,-0.44216426071146786,0.07554413478692786
RH_Cont_pCun_1,0.10242511368463267,0.6956687556073524
RH_Cont_pCun_3,0.38809701063896823,0.12371847714765069
RH_Cont_pCun_5,-0.05568251066772926,0.8319032938519206
RH_Cont_Cing_1,-0.2760949475836094,0.2834121788730732
RH_Cont_Cing_2,-0.0057347082023706105,0.9825725773930725
RH_Cont_Cing_3,0.14736587484943303,0.5724679818306636
RH_Cont_Cing_4,0.10355526301198825,0.6924640670968573
RH_Cont_Cing_5,0.4304429596099462,0.08457411302862829
RH_Cont_PFCmp_1,0.03407773384490129,0.8966925916305875
RH_Cont_PFCmp_2,0.30474716502324684,0.23430185225700678
RH_Cont_PFCmp_3,0.2809487257088786,0.27468475699909944
RH_Cont_PFCmp_4,0.09508314122661347,0.71660452229412
RH_Cont_PFCmp_5,0.2528375939141776,0.3275289183137998
RH_Default_Par_1,0.16181526047111502,0.5349461949858958
RH_Default_Par_2,0.040564097967824085,0.8771577583097878
RH_Default_Par_3,0.10747613485288442,0.6813843960644679
RH_Default_Par_4,0.1977454796521301,0.44678697161222036
RH_Default_Par_5,0.2348165099466075,0.36429829918486134
RH_Default_Par_6,-0.08329387123865901,0.7506190727674953
RH_Default_Par_7,0.11305358171017442,0.6657295242305368
RH_Default_Par_8,0.17830104723925908,0.4935484764842708
RH_Default_Par_9,0.14081154184007716,0.589847924185056
RH_Default_Par_10,-0.2989618133368683,0.24375089913911296
RH_Default_Par_11,-0.03341137221320618,0.8987028246091202
RH_Default_Par_12,0.11556843050819308,0.6587128192655547
RH_Default_Par_13,-0.07974616191151239,0.7609437320149345
RH_Default_Par_14,0.013149980439875933,0.9600501464842335
RH_Default_Par_15,0.20027498840604635,0.44087527435203766
RH_Default_Par_16,0.2126653165857893,0.4125068401839681
RH_Default_Temp_1,0.34238593542792917,0.17854411304841114
RH_Default_Temp_2,0.5270134199985039,0.029725115851851284
RH_Default_Temp_3,0.2280889229130105,0.3785932289808822
RH_Default_Temp_4,0.2725525691495173,0.28988650921585024
RH_Default_Temp_5,0.5917517852409734,0.01233858034920308
RH_Default_Temp_6,0.10060994459989478,0.7008260962120678
RH_Default_Temp_7,-0.028092473669013438,0.9147684286412747
RH_Default_Temp_8,-0.041033216556537994,0.8757473897020513
RH_Default_Temp_9,0.36929095266926165,0.1446191191333466
RH_Default_Temp_10,0.10072189335401949,0.7005076619748525
RH_Default_Temp_11,0.08138274607895638,0.7561760385568056
RH_Default_Temp_12,-0.012025162005574932,0.9634651219946978
RH_Default_Temp_13,-0.1665704170748936,0.5228467519041093
RH_Default_Temp_14,-0.2946171354982138,0.2510022199996206
RH_Default_Temp_15,-0.0953989966400375,0.7156997943976906
RH_Default_Temp_16,-0.08613257178968121,0.7423864274516299
RH_Default_Temp_17,-0.1965553577779222,0.44958230056943027
RH_Default_Temp_18,0.01627121832273744,0.9505776071784938
RH_Default_PFCv_1,0.22536483656264034,0.38446809653941916
RH_Default_PFCv_2,0.2843724917725292,0.26862864950971643
RH_Default_PFCv_3,-0.10540641562483798,0.6872255394864311
RH_Default_PFCv_4,0.1797563810428818,0.489969528837792
RH_Default_PFCv_5,0.00039182063943694754,0.9988091969244086
RH_Default_PFCv_6,-0.17353656157263733,0.5053523063273532
RH_Default_PFCv_7,0.0664922290570916,0.799841572865073
RH_Default_PFCv_8,0.1535990215523108,0.5561452268187153
RH_Default_PFCv_9,0.34158896691642154,0.1796232613298078
RH_Default_PFCv_10,0.18016286163821604,0.4889721547809094
RH_Default_PFCdPFCm_1,0.30351439600461105,0.23629551439280505
RH_Default_PFCdPFCm_2,0.049765219378274266,0.8495640642639646
RH_Default_PFCdPFCm_3,0.17767733275199252,0.49508613881384966
RH_Default_PFCdPFCm_4,-0.0037849340680299807,0.9884973575115239
RH_Default_PFCdPFCm_5,0.2099825446565841,0.4185653932833422
RH_Default_PFCdPFCm_6,0.04730634495731796,0.8569232522547303
RH_Default_PFCdPFCm_7,0.03643665402110357,0.8895812183855282
RH_Default_PFCdPFCm_8,0.05935816142816091,0.8209705643385088
RH_Default_PFCdPFCm_9,-0.36474370089457187,0.1500152659540269
RH_Default_PFCdPFCm_10,-0.11816190997875137,0.6515048208526506
RH_Default_PFCdPFCm_11,0.2793721140882871,0.2775013768342861
RH_Default_PFCdPFCm_12,-0.20289378961860904,0.4347974821122321
RH_Default_PFCdPFCm_13,-0.05033429221174202,0.8478625313556771
RH_Default_PFCdPFCm_14,0.07604385668581307,0.7717591023698553
RH_Default_PFCdPFCm_15,0.2525937055569772,0.3280115806206847
RH_Default_PFCdPFCm_16,-0.20413322225356195,0.43193616158813
RH_Default_PFCdPFCm_17,-0.00302661453116035,0.9908018332956594
RH_Default_PFCdPFCm_18,-0.21675544428113602,0.40336034700679235
RH_Default_PFCdPFCm_19,0.009696894464430903,0.9705356423506801
RH_Default_PFCdPFCm_20,0.319484418869822,0.21129545028126126
RH_Default_PFCdPFCm_21,-0.09816039924178296,0.7078054512706913
RH_Default_PFCdPFCm_22,-0.10418564111557264,0.690678682810554
RH_Default_PFCdPFCm_23,-0.036917767119187886,0.8881317794640587
RH_Default_PFCdPFCm_24,0.027888567009715027,0.9153849833936596
RH_Default_pCunPCC_1,0.22752384824933322,0.37980780078719245
RH_Default_pCunPCC_2,0.13363349434345445,0.6091270352356724
RH_Default_pCunPCC_3,0.048185942311156145,0.8542893855529032
RH_Default_pCunPCC_4,-0.03297557170607736,0.9000178327761792
RH_Default_pCunPCC_5,0.09688898124850784,0.7114367616947243
RH_Default_pCunPCC_6,0.16773654993036058,0.5198989063444368
RH_Default_pCunPCC_7,-0.026774410361520215,0.9187546677012511
RH_Default_pCunPCC_8,0.1174129195047258,0.6535835120807487
RH_Default_pCunPCC_9,-0.06978805368745715,0.790123572598024
RH_Default_pCunPCC_10,0.340841309165659,0.18063957803621214
RH_Default_pCunPCC_11,0.17578220027145072,0.49977228990990763
RH_Default_pCunPCC_12,0.18598419685270692,0.47479673663900557
RH_Default_pCunPCC_13,0.1336041744316599,0.6092062962821976
RH_Default_pCunPCC_14,0.269175448400084,0.29614109433434915
RH_Default_pCunPCC_15,0.22825951149072457,0.3782269871836711
RH_Default_pCunPCC_16,0.4075534375612102,0.10441795082563123
RH_Default_pCunPCC_17,0.21446316026810394,0.4084729554008548
RH_Default_pCunPCC_18,0.5420718601515561,0.024586226948712788
RH_Cont_pCun_2,0.16586274102203308,0.5246394131552917
RH_Cont_pCun_4,0.0796355458806514,0.7612662741044162
Left_I_IV,-0.10161081977070092,0.697980820019338
Right_I_IV,-0.2521645686661647,0.32886185806517465
Left_V,-0.05929419071151821,0.8211605763071752
Right_V,-0.03259841102253803,0.901156096608087
Left_VI,0.017060190494665017,0.9481841252033744
Vermis_VI,-0.2551032234619416,0.32306492951942956
Right_VI,-0.08933244034508274,0.733137940231721
Left_CrusI,0.1404410447728545,0.5908368253651963
Vermis_CrusI,0.03573963975435023,0.8916816836656253
Right_CrusI,0.17307943749329477,0.5064917669797855
Left_CrusII,0.16569881606063594,0.5250550642284535
Vermis_CrusII,0.2731856126996268,0.28872301932630084
Right_CrusII,0.37421536512749026,0.1389272736982933
Left_VIIb,0.21814680736811615,0.4002739443349784
Vermis_VIIb,0.029665087119814748,0.9100148690271189
Right_VIIb,0.18051336785648772,0.48811291157081793
Left_VIIIa,-0.06105605086572066,0.8159308006175041
Vermis_VIIIa,0.004078133185975772,0.9876063696481475
Right_VIIIa,0.10995633284605418,0.674407303547002
Left_VIIIb,0.215140183685906,0.4069593687893538
Vermis_VIIIb,-0.1276922140352585,0.6252711724887396
Right_VIIIb,-0.009247766724668385,0.9718998149362975
Left_IX,0.30829220890386644,0.22862835991449781
Vermis_IX,0.10094579086226918,0.699870935003677
Right_IX,0.31497848151629815,0.21816804216811908
Left_X,0.2713531182124648,0.29209875619112685
Vermis_X,-0.21990600207579195,0.39638986703926893
Right_X,0.09123823461173086,0.7276460367525954
Left_Dentate,-0.21465507241803267,0.4080436026012385
Right_Dentate,-0.1926917930373522,0.45871783306612735
Left_Interposed,-0.28895039618227675,0.26066046600853193
Right_Interposed,-0.2315460070582469,0.37120934810272677
Left_Fastigial,-0.4293994372947113,0.08541427006921132
Right_Fastigial,-0.3961493245963753,0.1154505312696047
HIP-head-m1-rh,0.325156489078813,0.2028457011717656
HIP-head-m2-rh,0.46304003790922066,0.06123691496543297
THA-VAip-rh,0.11524191330866189,0.6596223338089795
THA-VAia-rh,0.05062749132968838,0.8469861108069691
HIP-head-l-rh,0.2981048722785082,0.24517059281281994
HIP-body-rh,0.10523182887733401,0.6877190279472531
HIP-tail-rh,0.26221596751865794,0.30928312705646555
THA-VPm-rh,0.07266673593638139,0.781659359229053
THA-VPl-rh,0.019674993537437655,0.940254774271708
THA-VAs-rh,0.1546078930626986,0.5535225703407096
THA-DAm-rh,0.012964731906265618,0.9606125217629329
THA-DAl-rh,0.1622563918712975,0.5338184445040117
PUT-VA-rh,0.25175808807083105,0.32966842397106044
PUT-DA-rh,-0.1296659771883402,0.6198895521128165
PUT-VP-rh,-0.07354766601348221,0.7790737311157859
PUT-DP-rh,-0.30593328872766534,0.23239373093381918
CAU-VA-rh,0.18917340362200072,0.46711750230240456
CAU-DA-rh,0.059688676797481494,0.8199889859968383
CAU-body-rh,0.07068497644371889,0.7874839169613959
CAU-tail-rh,0.2271013749748384,0.38071726505686543
lAMY-rh,0.2613683555231415,0.310906924848372
mAMY-rh,0.4368027150228474,0.07958267695090653
THA-DP-rh,-0.00660630921662773,0.9799243038222192
NAc-shell-rh,0.31543693831890457,0.21746229837205905
NAc-core-rh,0.1566083106810481,0.5483384164608576
pGP-rh,-0.09745805408197582,0.7098106962978602
aGP-rh,-0.2278570290651811,0.379091402378816
HIP-head-m1-lh,0.5145671174416978,0.0345647774464559
HIP-head-m2-lh,0.39969037030720445,0.11194078398344838
THA-VAip-lh,0.4706912021643476,0.05653264420756546
THA-VAia-lh,0.3964251983118975,0.11517434862688085
HIP-head-l-lh,0.2644842625129493,0.3049624321048621
HIP-body-lh,0.21895843583552074,0.3984794332049115
HIP-tail-lh,0.25153152511605453,0.33011848290872736
THA-VPm-lh,0.2686783426228393,0.29706853203490785
THA-VPl-lh,0.3010315325649135,0.24034337016494695
THA-VAs-lh,0.4833347477641353,0.04935602898081927
THA-DAm-lh,0.32195262235362154,0.20759099434967762
THA-DAl-lh,0.4463929916262067,0.07246609433968963
PUT-VA-lh,0.19818394560578523,0.4457593519689219
PUT-DA-lh,0.1002247875767754,0.7019220211598147
PUT-VP-lh,0.36895244096036073,0.14501617003881556
PUT-DP-lh,0.03260374191559161,0.9011400067994396
CAU-VA-lh,0.2145897689781259,0.40818967477512036
CAU-DA-lh,0.2147310376440454,0.4078737170162865
CAU-body-lh,0.2689555490616247,0.29655114068265875
CAU-tail-lh,0.4178087430730022,0.09515591101735435
lAMY-lh,0.24324198641776357,0.3468294921246837
mAMY-lh,0.3586478246878228,0.1574625223023468
THA-DP-lh,0.38747329615170206,0.12437569345398133
NAc-shell-lh,0.3387969116796179,0.18343809448437792
NAc-core-lh,0.21870788386200316,0.39903294005415013
pGP-lh,0.13605771795956267,0.6025878757693672
aGP-lh,-0.019201876778934365,0.9416891212236227
